臺1,臺2,臺3,陸1,陸2,陸3,差異說明
三明治,,,三明治,三文治,,
口香糖,,,口香糖,香口膠,口膠,因口香糖成分具有膠質物，因此大陸、港澳地區稱為「香口膠」或「口膠」。
大滷麵,,,打滷麵,,,
太白粉,,,生粉,芡粉,澱粉,大陸、港澳使用的「生粉」，原料多以玉米粉、蠶豆粉、菱角粉等為主。除了在烹調中用於上漿勾芡之外，也經常做為軟化肉質的醃肉材料。而大陸的「芡粉」和「澱粉」原料除馬鈴薯粉之外，還包括綠豆粉、菱角粉、麥粉或藕粉、葛粉、馬蹄粉等等。
牛奶糖,,,牛奶糖,奶糖,,
奶油,,,奶油,,,
布丁,,,布丁,,,
玉米粥,,,玉米粥,苞米粥,,
皮蛋,松花皮蛋,松花蛋,松花蛋,松花,變蛋,
冰淇淋,,,冰淇淋,冰激凌,冰激淋,
冰棒,,,冰棍,冰棒,,
吐司,土司,,吐司,土司,,「吐司」和「土司」都是英語Toast的音譯。港澳地區粵語音譯為「多士」。因為吐司烤製好時，是一個白色的長方體，所以被稱為「方包」，又因為吐司通常切片食用，故稱為「切片包」。
低鈉鹽,,,低鈉鹽,代用鹽,,
冷盤,,,涼菜,涼拌菜,,
沙其馬,薩其馬,,薩其馬,沙琪瑪,,
沙拉,,,沙拉,色拉,沙律,「沙拉」、「色拉」、「沙律」，都是英文Salad的音譯，因各地方言發音的不同，有稍許變化。「色拉」是Salad的上海話音譯，而「沙律」則是粵語音譯。
沙拉油,大豆沙拉油,大豆油,沙拉油,色拉油,沙律油,因為沙拉油可以用來調拌沙拉，或打製沙拉醬，所以從英文Salad Oil得名。又因原料是大豆（黃豆），故稱為「大豆沙拉油」。中國大陸和港澳地區對於Salad的音譯有所不同，因此有「色拉油」和「沙律油」等不同的稱呼。
豆花,豆腐腦,,豆花,豆腐腦,豆腐花,
豆乾,豆腐乾,豆腐干,豆腐乾,香乾兒,,
披薩,,,比薩,比薩餅,,
生力麵,泡麵,速食麵,方便麵,快食麵,即食麵,1967年臺灣廠商引進日本的雞汁泡麵，以「生力麵」之名推出販售，在市場上引發泡麵旋風，因此「生力麵」成為臺灣泡麵的代名詞。香港於1968年引進泡麵，以「公仔麵」之名上市，「公仔麵」也成為了今日香港當地泡麵的泛稱。
芝麻球,,,芝麻球,麻團,,
便當,飯盒,,盒飯,,,
洋芋片,,,薯片,土豆片,,
科學麵,,,乾脆麵,乾吃麵,,
烏龍麵,,,烏冬麵,,,「烏龍麵」和「烏冬麵」都是源於日文うどん的音譯。
粉蒸肉,,,米粉肉,,,
茶碗蒸,,,雞蛋羹,蛋羹,水蒸蛋,「茶碗蒸」一詞是由日語「茶碗蒸し」而來。臺灣日治時代受日本生活文化的影響，不但烹調做法被本地吸收，且直接使用日本的用詞。
茶葉蛋,,,茶葉蛋,茶雞蛋,,
起司,乳酪,奶酪,乳酪,奶酪,吉士,「起司」、「起士」、「吉士」、「芝士」等稱呼都是來自於英文Cheese的音譯。
基因改造食品,,,轉基因食品,,,
蛋塔,,,蛋撻,,,
發粉,發泡粉,泡打粉,泡打粉,泡大粉,速發粉,「發粉」的英文是Baking Powder。「泡打粉」或「泡大粉」，都是從Powder一詞音譯而來。
陽春麵,,,陽春麵,清湯麵,,
聖代,,,聖代,,,「聖代」或「新地」等名稱，都是由英文Sundae一詞音譯而來。
漢堡,,,漢堡,漢堡包,,
蒟蒻,,,蒟蒻,魔芋,,大陸稱蒟蒻為「魔芋」，而魔芋所做的食物也稱「魔芋」。
蓋飯,,,蓋飯,蓋澆飯,,港澳地區，因蓋飯經常以盤碟裝盛，因此稱為「碟頭飯」。日本也有類似於蓋飯的食物，稱為「丼物」。
豬油,,,豬大油,大油,,
優格,酸凝酪,,酸奶酪,老酸奶,固體酸奶,"臺灣習慣依凝乳的狀態，分別稱為發酵乳、優酪乳和優格。「優格」特指半凝固乳品，半固體狀，質地細滑，具有獨特的酸味。大陸的「酸奶」是此類乳製品的統稱，液體或半固體狀都可稱作酸奶。酸奶的另外一個意思是指久置發酸的動物乳汁，亦可加糖作為食品飲用，味道酸甜爽口。
「優格」是英文Yogurt或Yoghourt的音譯。"
優酪乳,酸凝酪,,酸凝酪,酸奶,液體酸奶,"臺灣按照凝乳的狀況，分為發酵乳、優酪乳和優格。優酪乳是液態凝乳，質地順滑，優格則為半凝固凝乳。而大陸對於此類發酵凝乳的稱呼，無論固體或液態，統稱為「酸奶」。
「優酪乳」是英文Yogurt或Yoghourt的音譯。"
鮮奶油,,,鮮奶油,,,
鬆餅,,,鬆餅,華夫餅,,
糯米,,,江米,糯米,,
蘇打餅乾,,,蘇打餅乾,梳打餅,克力架,「蘇打餅乾」的英文是Soda Cracker。「蘇打」是Soda的音譯。大陸和香港等地將Soda音譯為「梳打」，因此又稱為「梳打餅」。而英語中Cracker是形容烤製餅乾時發出的清脆聲音，大陸和港澳等地將它音譯為「克力架」。
水果酒,,,果酒,果子酒,,
奶精,,,奶精,咖啡伴侶,,「奶精」最早是1961年由雀巢公司生產。引入大陸時，以「咖啡伴侶」為名，逐漸成為奶精的代名詞。
生啤酒,,,生啤酒,生啤,扎啤,大陸稱生啤酒為「扎啤」。扎是英文Jug的音譯，指一種帶著把手的壺或罐。早期歐洲的生啤酒以此種容器散裝販賣，因此得名。
冷開水,白開水,,涼白開,,,
即溶飲料,沖泡飲料,,即溶飲料,速溶飲料,固體飲料,「即溶飲料」在未溶解前呈固體狀，大陸又稱為「固體飲料」。
易開罐,,,易拉罐,,,
拿鐵,拿鐵咖啡,那提,奶特,奶特咖啡,,「拿鐵」和「那提」、「奶特」都是英文Coffee Latte的音譯。
氣泡酒,,,汽酒,起泡酒,,
純水,,,純淨水,,,
茶包,,,茶包,袋泡茶,,
黑咖啡,,,清咖啡,,,"因不摻其他調料，大陸稱為清咖啡，而香港稱為齋啡。「齋」是粵語方言，表示不加餡料或其他調味。「齋啡」又常用來戲謔的形容胸圍不夠突出、明顯的女性。
香港又稱黑咖啡為「飛沙走奶」。沙指砂糖，奶為牛奶或煉乳。"
黑啤酒,,,黑啤,,,
汽水,碳酸飲料,荷蘭水,汽水,軟性飲料,軟飲,碳酸飲料最早發明於1767年，清末時由歐洲傳入。因當時中國與歐洲的主要通商國為荷蘭，故又稱為「荷蘭水」。大陸所說的「軟性飲料」、「軟飲」是泛指包括碳酸飲料在內，酒精含量低於0.5%的天然或人工調配飲料。
熱開水,,,開水,,,
土雞,放山雞,草雞,土雞,草雞,跑地雞,
白帶魚,,,帶魚,刀魚,,
鯧魚,白鯧,銀鯧,平魚,銀錩,鯧片魚,因顏色銀白，故稱銀鯧或白鯧。因為體型扁平如盤，大陸江浙一帶稱銀鯧為「平魚」或「鯧片魚」，而港澳地區則稱為「銀盤鯧」、「銀盤魚」。
有機雞蛋,土雞蛋,放山雞蛋,笨雞蛋,柴雞蛋,土雞蛋,大陸所說的「笨雞蛋」、「柴雞蛋」、「土雞蛋」，指的是農家於野地放養的土雞所下的蛋，因食料來源自然，少了許多如骨粉、生長調節劑等等人工添加劑，因此殼厚蛋清，營養價值較高。
羊大骨,,,羊蝎子,,,
乳牛,,,奶牛,,,
黑鰱,大頭鰱,花鰱,黑鰱,大頭魚,胖頭魚,黑鰱因為頭大體肥，故有「大頭鰱」、「胖頭鰱」、「胖頭魚」、「大頭魚」等稱呼。
豬肉,,,豬肉,大肉,,
豬血,,,豬血,豬紅,,
豬蹄,豬腳,,豬蹄,豬手,,
鮪魚,,,金槍魚,吞拿魚,,鮪魚的英文是Tuna Fish，或稱Tuna，粵語音近吞拿，因此稱為「吞拿魚」。澳門地區早期廣泛使用葡萄牙語，音譯為「亞冬魚」。
鮭魚,,,鮭魚,三文魚,大馬哈魚,鮭魚的英文名字是Salmon，音譯為「三文魚」。
水耕蔬菜,養液栽培,,水培蔬菜,,,
四季豆,菜豆,敏豆,四季豆,架豆,豆角,因四季豆是一種外來引入的植物，在南方濕熱地區，四季可生長，故稱「四季豆」，而北方因季節關係，只能生長兩季，因此稱「二季豆」。大陸北方又稱四季豆為「豆角」。
玉米,玉蜀黍,玉茭,玉米,玉蜀黍,包穀,在臺灣，閩南語方言稱呼玉米為「番麥」。大陸各地對玉米的稱呼各有不同。港澳地區稱玉米為「粟米」，但粟米一詞在其他地方通常是指小米和稻米。
有機蔬菜,,,有機蔬菜,生態蔬菜,,因有機蔬菜的栽種，在生產環境和條件上，必須未受汙染，栽培方式天然、配合環境生態，因此大陸又稱為「生態蔬菜」。
奇異果,,,奇異果,獼猴桃,,
花生,落花生,土豆,花生,落花生,長生果,因為花生的生長是子房深入地下一、二吋，發育出莢果，故稱為「落花生」。在臺灣，花生俗稱為土豆。但在大陸，土豆則是指馬鈴薯。
花豆,大紅豆,,花豆,紅腰豆,腎豆,花豆因外皮顏色交雜，故稱花豆。而其形狀如同動物的腎臟，因此又被稱為「腎豆」。
花椰菜,花菜,菜花,花菜,菜花,椰花菜,花椰菜大約在19世紀傳入中國，因外觀形狀如花，有「花菜」、「菜花」等稱呼。廣東、香港澳門等地，粵語稱其為「椰花菜」。
金針,金針菜,金針花,金針菜,萱草,黃花菜,
柳丁,柳橙,,橙子,,,
胡蘿蔔,,,胡蘿蔔,甘荀,,胡蘿蔔原產於地中海，因從胡地傳入中國，味道又像蘿蔔，因此被稱為「胡蘿蔔」。港澳地區又稱作「甘荀」。
草莓,,,草莓,,,
馬鈴薯,洋芋,山藥蛋,馬鈴薯,洋芋,土豆,"馬鈴薯引入中國的時間約在明代，隨後遍植各地，各地都有不同的稱呼。因為形狀如馬鈴或山藥，被稱為「馬鈴薯」或「山藥蛋」、「山藥蛋子」，又因為是由海外引入，所以經常被冠以洋字，如「洋芋」、「洋山芋」、「洋番薯」等等。
大陸稱馬鈴薯為土豆。但土豆一詞在大陸是指馬鈴薯，在臺灣則是指花生。"
高麗菜,甘藍,藍菜,甘藍,藍菜,包心菜,高麗菜在各地有多種稱呼，港澳、廣東地區粵語稱其為「椰菜」。但椰菜一詞在臺灣和大陸多數地方所指的是花椰菜，為同名異實用詞。
甜椒,彩椒,菜椒,甜椒,彩椒,柿子椒,甜椒外皮顏色多樣，常見紅、黃、綠等顏色，因此稱為「彩椒」或「三色椒」，又因形狀類似柿子或小燈籠，故名「柿子椒」、「燈籠椒」。
無毒蔬菜,,,無毒蔬菜,保險菜,無公害蔬菜,"「無毒蔬菜」與「有機蔬菜」的差異性在於，有機蔬菜必須全程不使用化學農藥或人工藥劑，且栽種時必須使用自然方式防禦病蟲害的侵襲。而無毒蔬菜是可以少量使用化肥或農藥的。
值得注意的是，大陸所說的「綠色蔬菜」，在臺灣的意思是指綠葉或綠皮的蔬菜。"
番茄,,,番茄,西紅柿,洋柿子,大陸部分地區又稱為「西紅柿」或「洋柿子」。
番薯,地瓜,,地瓜,白薯,紅薯,
紫米,,,黑米,,,
結球萵苣,包心萵苣-,西生菜,結球萵苣,結球生菜,捲心窩苣,結球萵苣因為外形呈圓球狀，因此臺灣稱之為「包心窩苣」、「球萵苣」，大陸則俗稱稱為「圓生菜」或「球生菜」。在香港、澳門地區，結球萵苣俗稱「西生菜」，用以區別嫩葉萵苣的「唐生菜」。
溫室蔬菜,,,大棚蔬菜,,,「大棚」是一種以塑膠薄膜搭建而成簡易溫室，經常用於蔬果與花卉樹苗等植物栽培，也可以運用於養殖業。搭建大棚所使用的塑膠膜，因材質、成本和所具的特性不同，功能和效果不一。大棚養殖技術自1957年以來，廣泛施行於大陸各地，因此「大棚蔬菜」的種植非常普遍。
葡萄柚,,,西柚,,,
酪梨,,,鱷梨,,,
嫩葉萵苣,大陸妹,生菜,嫩葉萵苣,生菜,千金菜,嫩葉萵苣有各種不同稱呼。因早期傳入中國時價格昂貴，有「千金菜」之稱。此菜蔬早期由中國大陸進口，因物美價廉，被俗稱為「大陸妹」。嫩葉萵苣的臺語稱為「蒿仔菜」或諧音「A菜」，客家語諧音則稱呼為「媚仔菜」。香港稱之為「唐生菜」，用以區別結球萵苣的西生菜。
榛子,榛果,,榛子,,,
綠花椰菜,青花菜,青花苔,青花菜,西蘭花,綠花菜,綠花椰菜在各地有許多不同稱呼。因它是從美國傳入，因此臺灣稱呼為「美國花菜」或「美國青花菜」。且綠花椰菜的花球尖端形狀如同細苔，又被稱為「青花苔」。大陸香港和澳門都稱它為「西蘭花」，因原產於義大利，又俗稱為「義大利芥藍」。
鳳梨,波羅,菠蘿,鳳梨,波羅,菠蘿,鳳梨又有「波羅」和「菠蘿」的稱呼。大陸部分南方地區，以及新加坡、馬來西亞等地，稱鳳梨為「黃梨」。
釋迦,釋迦果,番荔枝,釋迦果,佛頭果,洋波羅,釋迦因形狀如佛頭，有「佛頭果」之稱。大陸廣東地區稱為「林檎」。且釋迦的外表與結構，酷似廣西特產水果波羅蜜，又是從國外引進，因此廣西地區稱為「洋波羅」或「假波羅」。香港和澳門則因釋迦外表與荔枝相似，又是被洋人引入，粵語稱為「番荔枝」、「鬼荔枝」或「番鬼荔枝」。
櫻桃,麥英,春櫻,櫻桃,車厘子,,「車厘子」是櫻桃的複數英文Cherries的粵語音譯。
纖維質,,,粗纖維,,,
蘿蔔,菜頭,,蘿蔔,水蘿蔔,,
不沾鍋,,,不粘鍋,,,
保存期限,,,保質期,,,大陸的「保質期」和「保存期」的意思不同。「保質期」所指的是商品在正常條件下的品質保證期限，在期限內，生產企業或機構對於商品的品質、食用安全負完全責任，店家可以放心銷售，消費者也可以安全使用。對部分商品來說，「保存期」的期限則超過「保質期」。即使期限超過保質期，不意味商品無法使用，而是品質不能達到原商品的標準。因此對商品來說，即使超過保質期仍可降價銷售，但超過保存期就無法販賣。
宵夜,消夜,,夜宵,消夜,,
廚餘,,,廚餘,餐廚垃圾,,
調理包,,,軟罐頭,,,
鋁箔包,,,軟包裝,,,
餿水油,,,地溝油,潲水油,,
T恤,,,T恤衫,短袖衫,,「T恤」是音譯英文的T-shirt一詞。大陸地區又稱為「文化衫」，是因為T恤的圖案或文字，經常反映某些文化心理。
內搭褲,,,打底褲,,,無論是稱為「內搭褲」或「打底褲」，都是以穿著功能來命名，強調它適合搭配外衣或裙褲穿著的功用。
內褲,,,內褲,襯褲,,
太陽眼鏡,,,太陽鏡,,,
平頭,,,平頭,寸頭,板寸,
拉鍊,,,拉鍊,拉鎖,,
雨鞋,,,雨鞋,水鞋,,
背心,,,背心,馬甲,,
風格,,,風格,范兒,,
紋身貼紙,文身貼紙,,紋身貼,文身貼,紋身彩貼,
胸罩,奶罩,乳罩,奶罩,乳罩,,
迷你裙,,,迷你裙,超短裙,,
連身裙,連衣裙,,連衣裙,布拉吉,,
短裝,,,短打,,,
短褲,,,短褲,褲衩,,
塑膠鞋,,,膠鞋,,,
楔型鞋,,,坡跟鞋,,,
慕斯,,,摩絲,,,
熱褲,,,緊身短褲,,,
蝴蝶袖,蝙蝠袖,,蝴蝶袖,蝙蝠衫,,
衛生衣,,,棉毛衫,秋衣,,因為通常是入秋天冷後穿著，所以大陸稱為「秋衣」，又稱為「棉毛衫」。臺灣之所以稱之為「衛生衣」，有一說法是來源於日文漢字。
衛生褲,,,秋褲,棉毛褲,,因為通常於秋天天涼後開始穿著，所以大陸稱之為「秋褲」，又稱為「棉毛褲」。
遮陽帽,,,遮陽帽,太陽帽,,
髮夾,,,髮卡,,,
髮圈,,,髮圈,頭繩,,
褲裙,,,裙褲,,,
褲襪,,,連襪褲,襪褲,連褲襪,
臂章,,,袖標,,,
韻律褲,踩腳褲,,踩腳褲,健美褲,踏腳褲,大陸因健美操的緣故，將「韻律褲」稱為「健美褲」。1980年至1990年間極為風行，流行之所至，還產生出「不管多大官，都穿夾克衫；不管多大肚，都穿健美褲」的順口溜。
魔術胸罩,隱形胸罩,NuBra,隱形文胸,硅膠文胸,自黏文胸,「NuBra」是隱形胸罩最初在臺販售時，引進的產品品牌名稱，因為廣泛使用，因此成為隱形胸罩的代稱。又因隱形胸罩的材質使用矽膠，而矽膠在大陸稱為「硅膠」，故俗稱為硅膠文胸。
襯衫,,,襯衫,襯衣,,
去光水,,,洗甲水,,,
柔軟精,衣物柔軟精,,柔順劑,,,
刮鬍刀,,,剃鬍刀,剃鬚刀,刮臉刀,
抽取式衛生紙,,,抽紙,紙巾,紙抽,
保險套,避孕套,衛生套,安全套,避孕套,,「保險套」、「避孕套」、「安全套」、「衛生套」的名稱都強調其避孕和防止性病的功效。港澳、新馬地區又俗稱為「如意套」。
洗面乳,潔面乳,,洗面乳,潔面乳,洗面奶,
洗髮精,洗髮乳,洗髮水,洗髮水,洗髮露,洗髮香波,"在臺灣，洗髮精雖然多呈液體狀，但因外觀不同而有不同稱呼。通常透明水狀黏稠的被稱為「洗髮水」或「洗髮精」，而黏稠乳狀的則稱為「洗髮乳」。
大陸、香港和澳門所說的「洗髮香波」或「香波」，來源於英文Shampoo的音譯。"
紙尿褲,紙尿布,,紙尿褲,紙尿布,尿不濕,
電鬍刀,電動刮鬍刀,,電鬍刀,電動剃鬚刀,,
幕絲,,,慕絲,摩絲,,無論是「慕絲」或「摩絲」，都是來源於法文Mousse一詞的音譯。
衛生紙,,,衛生紙,廁紙,,
衛生棉,,,衛生棉,衛生巾,,香港稱為「M巾」，「M」是英文Menstruation的字母縮寫。
髮膠,造型膠,定型膠,髮膠,定型膏,啫喱膏,
護髮,,,焗油,,,
護髮乳,髮膜,,護髮素,髮膜,護髮膜,大陸所說的護髮素，除了指護髮乳之外，也可以指用以讓頭髮順滑的潤絲精。而「焗油」是英文Hot oil的粵語義譯。焗油一詞除了指護髮乳，也有指具有染髮功效的膏狀物。
土地所有權狀,,,土地所有權證,,,大陸地區因規定土地皆歸國有，人民只有使用權而無所有權，所以購買房屋時，可申請到房屋所有權證和土地使用權證，作為合法使用土地的法律文件。
二手屋,中古屋,,二手房,,,
公設面積,,,公攤面積,公攤建築面積,公攤,
公寓,,,公寓樓,,,
公開銷售,,,開盤,,,「開盤」一詞在臺灣通常指交易所或工會開始交易，例如臺股開盤、期貨市場開盤。但在中國大陸，「開盤」一詞經常用在不動產新建案對外公開銷售上，如一次（期）開盤、二次（期）開盤、開盤銷售價。
半成屋,,,準現房,,,
平方公尺,,,平方米,平方,平米,
成屋,,,現房,,,
住宅大樓,住宅大廈,,高層住宅,,,
房屋所有權狀,建物所有權狀,,房屋產權證書,房產證,,在臺灣，房屋所有權狀的發放由地政事務處所主管。中國大陸的房產證，是購屋者在交易後取得房屋合法所有權文件。主管機關是建設部。
社區,,,小區,居住小區,住宅小區,
臥室,臥房,,臥室,居室,,
建築使用執照,,,竣工驗收合格證,房管局驗收合格證,,大陸的「竣工驗收合格證」是在建築工程完成後，由城市規劃行政主管機關核發。只有取得竣工驗收合格證，房地產行政部門才能核發房產證。
商業住宅大樓,住商大樓,,商住樓,,,臺灣的商業住宅大樓，商用和住宅單位通常不分樓層。大陸的「商住樓」則一律是商務用途在低樓層，住家在高樓層的綜合性大樓。
商辦大樓,商業大樓,辦公大樓,辦公樓,寫字樓,,「寫字樓」一詞原出於上海方言，後來流傳各地被廣泛使用。
組合屋,,,活動板房,活動房,,
連棟透天厝,連棟透天,,聯排住宅,聯體別墅,,
陽臺,,,陽臺,涼臺,,
臺階,梯級,梯階,臺階,梯級,,
樣品屋,,,樣板房,樣板間,,香港與澳門把「樣品屋」稱為「示範單位」，但大陸的「示範單位」則是指因表現優良而受到政府嘉獎的績優企業或單位部門。兩者意思完全不同。
學區住宅,,,學區房,,,
天然瓦斯管道,,,燃氣管,燃氣管道,,
水泥,洋灰,,水泥,水門汀,士敏土,水泥舊稱「洋灰」，來源是因為水泥自西洋傳來，並依據其外觀命名。水泥的英文為Cement，音譯為「士敏土」，上海方言則音譯為「水門汀」。
瓦斯費,,,燃氣費,,,
地磚,,,地磚,地板磚,地面磚,
防盜門眼,防盜眼,門眼,貓眼,窺視鏡,門鏡,
室內裝潢,,,家居裝修,家裝,,
建築廢棄物,,,建築垃圾,,,
消防栓,救火栓,,消防栓,消火栓,,
強化玻璃,,,鋼化玻璃,,,
累進電價,,,階梯電價,,,
落水頭,,,地漏,,,大陸使用的「地漏」是由英文Floor Drain一詞義譯而來。
補土,,,膩子,,,
跳電,,,跳電,跳閘,,
衛浴設備,,,潔具,,,
鷹架,,,腳手架,,,大陸和港澳地區稱鷹架為「腳手架」，是由於搭建和使用時，需要手腳並用，因此而得名。
DVD錄放影機,光碟放映機,光碟放影機,影碟機,視盤機,碟機,
小耳朵,小型衛星電視接收器,衛星碟型天線,小鍋,小鍋蓋,衛星鍋,因衛星訊號接收器的造型如同鍋子或鍋蓋，所以在大陸有「小鍋」、「小鍋蓋」、「衛星鍋」、「衛星小鍋」等各種俗稱。
手機,行動電話,,手機,移動電話,,
卡帶,,,盒帶,音帶,,
瓦斯,天然氣,天然煤氣,天然氣,煤氣,,
瓦斯桶,,,煤氣罐,液化氣罐,,天然氣又稱煤氣，因此瓦斯桶在大陸稱為「煤氣罐」，而天然氣經常與石油相伴而生，因此港澳地區又稱瓦斯桶為「石油氣罐」。
瓦斯爐,,,燃氣灶,煤氣灶,,天然氣、瓦斯，又稱煤氣，因此瓦斯爐又有「燃氣爐」、「煤氣爐」等稱呼。
吹風機,,,吹風機,電吹風,,
防呆設計,,,防愚設計,,,
直立式冷氣機,落地冷氣機,,立式空調,櫃機,,
抽風機,,,抽風機,排風扇,抽氣機,
映像管,,,顯像管,,,
重低音喇叭,,,低音砲,,,
烤箱,,,烤箱,電烤箱,,「焗爐」是烤箱的粵語方言，主要流行於港澳一帶。
烤麵包機,,,烤麵包機,自動麵包片烤爐,,吐司的英文是Toast，香港、澳門地區粵語音譯為「多士」，而烤麵包機的英文是Toaster，因此粵語音譯為「多士爐」。
高畫質電視,,,高清電視,高清晰度電視,,
彩色液晶螢幕,,,彩屏,,,
麥克風,話筒,傳聲筒,麥克風,話筒,微音器,「麥克風」是源於英文Microphone一詞的音譯。
單眼相機,,,單反相機,單反,,
無線電話,,,無繩電話,,,臺灣所說的「無線電話」，也可用於指利用無線電波傳遞語音，可以在移動狀態下，與其他電話使用者通信的系統，例如行動電話。
電湯匙,,,熱得快,燒水棒,電熱棒,
電話答錄機,,,錄音電話,,,
電漿電視,,,等離子電視,,,
電鍋,,,電飯鍋,電飯煲,,「電飯煲」是電鍋的粵語稱呼，最早流通於香港和廣東一帶，逐漸廣泛流傳使用。
監視器,,,監視探頭,,,
網路線接頭,,,水晶頭,,,
影音製品,,,音像製品,,,
影碟,碟片,,視盤,激光視盤,視頻光盤,
錄放影機,,,錄像機,,,
錄影,,,錄像,,,
錄影帶,,,錄像帶,,,
錄影機,,,錄像機,,,
隨身聽,,,袖珍收音機,,,
壓力鍋,快鍋,,壓力鍋,壓力煲,高壓鍋,
雙槽洗衣機,,,雙缸洗衣機,,,
A肝,,,甲肝,,,
B肝,,,乙肝,,,
C肝,,,丙肝,,,
心肌梗塞,,,心肌梗塞,心肌梗死,心梗,
心律不整,,,心律不整,房顫,心律不齊,
老花眼,老花,,老花眼,老花,老視眼,
狂牛症,牛海綿樣腦症,,瘋牛病,牛腦海綿狀病,,
杭丁頓式舞蹈症,杭丁頓式症,亨丁頓舞蹈症,亨廷頓式舞蹈病,亨廷頓病,慢性遺傳舞蹈病,
注意力不足過動症,注意力缺失症,注意力缺失與過動障礙,注意缺陷與多動障礙,多動症,,
矽肺病,,,硅肺,塵肺病,,
阿茲海默症,老年痴呆症,老年失智症,阿爾茨海默病,老年性痴呆,早老性痴呆,無論是「阿茲海默症」或「阿爾茨海默病」，都是英文Alzheimer's Disease的音譯。因病症造成腦部退化，香港地區又有「腦退化症」的稱呼。
退伍軍人症,,,軍團病,空調病,,"「退伍軍人症」得名於1976年，美國退伍軍人在費城參加年度大會後，多人集體患病，因此得名。大陸地區因翻譯不同，命名為「軍團病」，且因其傳染途徑多與冷氣的冷卻供水系統、水塔有關，又稱為「空調病」。
但大陸的「空調病」，在臺灣另有一個意思，指因為吹冷氣，衍生出的疾病，如因吹冷氣感冒、頭痛，或關節痠痛、僵硬、頭暈目眩或頭昏症，又稱為「空調症候群」。兩者名同意異。"
骨刺,,,骨刺,骨質增生,,
腕隧道症候群,腕管綜合症,滑鼠手,腕管綜合症,鼠標手,,
愛滋病,後天免疫缺乏症候群,,艾滋病,獲得性免疫缺陷綜合症,,
腦栓塞,,,腦栓塞,腦血栓,,
過度換氣症候群,,,過度通氣綜合症,,,
過敏性鼻炎,鼻敏感,,過敏性鼻炎,變異性鼻炎,應變性鼻炎,
嚴重急性呼吸道症候群,SARS,,嚴重急性呼吸綜合症,傳染性非典型肺炎,非典,「嚴重急性呼吸道症候群」在中國大陸，最早被稱為「非典型肺炎」，因此縮稱為「非典」。其英文全稱為Severe Acute Respiratory Syndrome，縮稱SARS，各地經常將SARS音譯為各種名稱，如薩斯、沙士。
內分泌,荷爾蒙,賀爾蒙,荷爾蒙,激素,,「荷爾蒙」或「賀爾蒙」，都是英文Hormone的音譯。
白血球,,,白細胞,,,
扁桃腺,,,扁桃體,,,大陸舊時稱「扁桃腺」，現在普遍稱為「扁桃體」。
紅血球,,,紅細胞,,,
攝護腺,前列腺,,前列腺,,,
加護病房,,,重症監護病房,監護病房,重症監護室,「加護病房」或「重症監護病房」、「深切治療部」等名詞，都是從英文Intensive Care Unit（縮寫為ICU）翻譯過來的詞彙，因翻譯時選用詞不同，而產生不同的稱呼。
批價,,,劃價,,,
私人醫院,私人診所,,個體醫院,個體診所,,
特別護士,,,特護,,,
診療室,,,診療室,診室,,
榮民醫院,,,榮軍醫院,,,
衛生所,,,保健站,衛生保健站,衛生所,
養老院,,,敬老院,托老所,,
OK繃,,,創可貼,,,OK繃原是美國嬌生公司研發的商品，原名為「Band-Aid」。於日本推出時，考量到日人發音與接受度，更名為「OK Band」。臺灣受日本的影響，承接此名，音譯為OK繃。
水療,,,浴療,,,
放射線治療,,,放射治療,放療,,「放射線治療」或「放射治療」都是英文Radiation Therapy的義譯，「放療」則是放射治療的縮稱。
放射線治療,放射線療法,,放射療法,放療,,
捐血,,,捐血,獻血,無償獻血,
胸部X光片,,,胸片,,,
胸腔掃描,胸腔電腦斷層檢查,,胸透,,,
健康檢查,健檢,體檢,體檢,查體,,
婚前健康檢查,,,婚前健康檢查,婚檢,,
康復醫學,,,復健醫學,,,
彩色超音波,,,彩超,,,
超音波,超音波掃描,,B超,B型超聲檢查,二維超聲,大陸所說的「B超」是「B型超聲檢查」的簡稱，是英文B-ultrasonic義譯。所指功能僅侷限於掃描診斷，並不包含醫療功能，意同臺灣所說的「超音波掃描」。
鼻胃管,,,鼻飼管,,,
鼻胃管灌食,,,鼻飼,,,
墮胎,人工流產,,人工流產,人流,,
驗尿,,,尿檢,,,
體溫計,,,體溫表,,,
止痛劑,止痛藥,鎮痛劑,鎮痛藥,,,
古柯鹼,古加鹼,快克,古柯鹼,可卡因,,「古柯鹼」或「可卡因」，都來源於英文原名Cocaine或Cocain的音譯。
安非他命,安非他明,冰毒,冰毒,安非他明,,「安非他命」和「安非他明」來自於其英文Amphetamine的音譯。
矽膠,,,硅膠,,,「硅」是「矽」的舊譯。中國大陸今日仍然使用。
阿斯匹靈,阿司匹靈,,阿斯匹林,阿司匹林,,「阿斯匹靈」是英文Aspirin的音譯，在臺灣、大陸與港澳地區的名稱，因翻譯用字的不同，各有些微差異。
威而鋼,昔多芬,,萬艾可,昔多芬,西地那非,「威而鋼」的主要成分是西地那非（Sildenafil），因此又稱為「西地那非」或音譯為「昔多芬」。藥品註冊時，以「威而鋼」在臺灣和香港註冊，以「萬艾可」在大陸註冊，因此兩地名稱略有不同。「偉哥」是大陸俗稱。
發泡錠,,,泡騰片,,,大陸稱它為「泡騰片」，是因為藥片入水後產生氣泡，並上下翻滾的形象而得名。
黃麴毒素,,,黃曲霉素,黃曲霉毒素,,
生理時鐘,,,生物鐘,,,
亞健康,,,亞健康,次健康,第三狀態,
帶原者,,,病原攜帶者,,,
殘疾人士,殘障者,,殘疾人,,,
殘障,,,殘疾,,,
腦死,,,腦死亡,,,
腦波,,,腦電波,,,
SOHO族,蘇活族,,SOHO族,蘇豪族,,「SOHO族」是英文Small Office Home Office的縮稱。而「蘇活族」或「蘇豪族」則是SOHO的音譯。
不動產經紀人,不動產仲介人員,,房地產營銷員,房地產營銷師,,
同步口譯,,,同聲傳譯,同聲翻譯,同傳,大陸所說的「同聲傳譯」，香港所說的「實時傳譯」、「即時傳譯」，都強調譯者彷彿與講者同出一聲，迅速傳達的即時性。
房屋仲介,,,房屋中介,,,
服務生,,,服務員,,,
泥水工,,,瓦工,,,
保姆,,,保育員,,,
清潔員,清潔工,,保潔員,保潔工,,
清潔隊員,清潔工,,環衛工人,,,
程式員,程式設計師,,程序員,,,
銷售員,,,導購員,導購,,
警衛,保全員,保全,保安,保安人員,安保,
上工,出勤,,出工,出勤,,
日班,,,白班,,,
代班,,,頂班,,,
半工半讀,,,半脫產學習,半脫產進修,,
失業,,,失業,下崗,,
在職,,,在職,在崗,,
在職訓練,,,在職培訓,,,通常大陸企業的「在職培訓」，又分為在崗培訓和離崗培訓兩種。前者是以短期的系列演講和課程為主，員工在工作之餘參加，而後者則通常是員工暫時離開職務，到職業院校或專門機構中受訓。
年終獎金,,,年終獎,,,
年資,,,工齡,,,
長官,,,領導,,,
科學園區,,,科學園區,科技園,科技工業園,科學園區是來自於英文Science Park或Science and Technology park的義譯。
約聘人員,,,合同工,,,
計時人員,,,小時工,,,
重新雇用,,,返聘,,,
留職進修,,,脫產學習,進修,,大陸所說的「脫產學習」，脫產即是指脫離生產，意思是指員工脫離工作生產崗位，加強學習。
病假,,,病假,病休,,
副業,,,副業,第二職業,,
執行長,,,首席執行官,,,大陸稱「首席執行長」是由英文Chief Executive Officer義譯而來。
專案經理,,,項目經理,,,
創新育成中心,育成中心,,企業孵化器,,,「創新育成中心」的英文為Business Incubator。Incubator的意思是指人工孵化禽類的孵育設備，大陸直譯為「企業孵化器」。
就業博覽會,,,招聘會,,,
發薪,,,發薪,,,
視訊會議,,,電視會議,,,
週休二日,,,雙休,雙休日,,臺灣從1998年開始實施隔週休二日，2001年開始實施週休二日。大陸從1994年試行隔週五天工作制，1995年開始實行五天工作制。大陸所說的「雙休」，即指每週休息兩天。
徵才,求才,,招工,,,
調查研究,,,調查研究,調研,,
調班,,,倒休,,,
調薪,,,調資,,,
營運長,營運總監,,營運總監,首席運營官,,大陸所用的「首席運營官」是英文Chief Operating Officer的義譯。
職前訓練,,,崗前培訓,,,
鐘點費,,,課時工資,,,
續聘,,,續聘,連聘,,
人才流失,,,腦流失,智力流失,,
小眾市場,,,縫隙市場,針尖市場,利基市場,臺灣稱「小眾市場」，或大陸稱「縫隙市場」、「針尖市場」均是自英文Niche Market義譯而來。「利基市場」則是兼具義譯和音譯的翻譯詞。
已開發國家,,,發達國家,已發展國家,,「已開發國家」或「發達國家」、「已發展國家」都是英文Developed Country的義譯。
外匯存底,,,外匯儲備,,,
多頭市場,,,牛市,,,臺灣所說的「多頭市場」表示投資人將資金投入市場，手邊多出一些證券商品，期望購買標的物後價格上漲，可獲取差額。大陸地區稱「牛市」則是來源於英文Bull market一詞的直譯。
年增率,,,同比,,,
低收入戶,,,低收入戶,特別困難戶,特困戶,大陸的特別困難戶標準是家庭年收入低於貧困線以下。貧困線由國家統計局設定，作為識別農村貧困人口規模和農村貧困發生率的標準。2011年時中國大陸的貧困線標準是年收入1196元人民幣。
利多,,,利好,,,
投資報酬率,,,投資回報率,,,
房屋稅,,,房產稅,,,大陸的房產稅和臺灣最大不同在於，個人所有非營業用房屋不需要繳納房產稅，計算標準則是按照房屋的計稅餘值或租金收入課徵。
服務業,,,服務業,第三產業,,
知識產業,,,智力產業,,,「知識產業」或「智力產業」都來源於英文Knowledge Industry一詞的義譯。
空地稅,,,土地閒置稅,,,大陸除針對閒置兩年的空地進行無償回收政策之外，對於閒置不滿兩年的土地課徵地價20%的土地閒置費，並對閒置地產用地課徵增值地價，以平抑地價。
空頭市場,,,熊市,,,大陸地區所說的「熊市」，是來源英文Bear Market一詞的義譯。
股票跌破行情,,,破發,,,
指數,,,係數,,,
航太科技,航太工業,,航天科技,航天工業,,
國內貿易,,,內貿,,,
國庫,,,國庫,金庫,,
國營事業,國營企業,,國營企業,國有企業,國企,"大陸的國有企業是指企業全部資產歸於國家，且按規定登記註冊的非公司制經濟組織。國有企業和民營企業一樣，皆以營利為目的。有的國有企業，原本是從政府部門轉變而來，如中國電信、中國移動，前身為政府單位郵電部。
香港地區的公營機構，由香港特別行政區政府出資營運，負責特定公共服務，或政府認為需要社會人士參與的工作。公營機構不屬於政府單位，職能雖與政府部門相似，但成員不是公務員。"
強勢貨幣,,,硬通貨,,,
軟實力,,,軟實力,軟力量,,
通貨膨脹,,,通貨膨脹,通脹,,
開發中國家,,,發展中國家,欠發達國家,,「開發中國家」、「發展中國家」、「欠發達國家」都是來源於英文Developing Country的義譯。
資訊產業,,,信息產業,,,
道瓊工業平均指數,道瓊工業指數,道瓊指數,道瓊斯工業平均指數,道瓊斯指數,道指,
綠色資訊科技,,,綠色科技,綠色IT,,大陸稱「綠色IT」是從英文Green IT一詞直譯而來。
與上月同期比較,,,環比,,,
銀髮市場,銀髮產業,,夕陽市場,,,
熱錢,游資,逃避資本,熱錢,熱幣,投機性短期資本,
機率,概率,,概率,,,
證管會,,,證監會,,,
分期付款,,,分期付款,月供,,分期付款經常以月為期，因此大陸俗稱為「月供」，表示付款人每月需繳交一定數額的款項。
回檔,,,回調,,,
底標,,,標底,,,
房市,,,樓市,,,
房屋津貼,,,住房補貼,房補,,大陸的政府機構或國家單位針對沒有房子，或住房面積未達一定標準的員工，提供房屋津貼福利。「房補」即是「住房補貼」的簡稱。
抵押貸款,,,抵押貸款,按揭貸款,按揭,「按揭」是英文Mortgage的粵語音譯，後逐漸流通，成為普遍用詞。
空頭公司,空殼公司,紙上公司,皮包公司,,,
空頭支票,,,白條,,,
保證價格,,,保護價,,,
信用合作社,,,信用合作社,信用社,,
信用狀,,,信用證,,,
高價轉賣,,,倒賣,,,
智慧財產權,,,知識產權,,,
開低,,,低開,,,
開高,,,高開,,,
置入性行銷,置入性廣告,置入式行銷,隱性廣告,軟廣告,軟性廣告,
零存整付,,,零存整取,,,
網路銀行,,,網絡銀行,網上銀行,,臺灣稱「網路銀行」，大陸、香港、澳門稱「網上銀行」、「網絡銀行」都翻譯自英文的Internet Banking。
增值儲蓄,,,保值儲蓄,,,
雙薪家庭,,,雙職工家庭,,,
大賣場,,,商城,,,
不二價,,,一口價,,,
中盤商,中盤,,中間商,,,
公司貨,,,行貨,,,
代工,,,貼牌,加代工,,
正字標記產品,,,國優產品,,,
正貨,,,正品,,,
次級品,次貨,,次品,,,
自動販賣機,,,自動售貨機,,,
拍賣,,,拍賣,甩賣,,
明星商品,,,拳頭商品,,,
門市,營業據點,,門市,營業廳,,
便利店,便利商店,超商,便利店,,,
保存期限,,,保質期,,,
保固期,,,保修期,,,
倒店,,,關張,,,
缺貨,,,缺貨,斷檔,脫銷,
停工,,,停工,下馬,,
動工,,,動工,上馬,,
售後服務,,,售後服務,銷後服務,三包,"大陸所說的「三包」則是指零售商對購買商品的顧客實行包修、包換、包退的服務。買方購入商品後，在非人為破壞的情況下，若商品損壞，賣方在一定期限內對於故障商品給予修換退的保證。
但在大陸，「三包」的另外一個意思與商品售後服務無關，而是指沿街兩側的商家和住家，針對自家門前包清潔、包綠化和包秩序。"
商店街,,,商業街,,,
盜版,,,盜版,山寨,,
超市,超級市場,,超市,自選市場,,
黃金店面,,,旺舖,,,
熱門貨,熱貨,搶手貨,熱門貨,熱貨,緊俏貨,
瑕疵品,劣貨,,殘品,殘貨,,
零碼貨,零碼,,斷碼貨,尾貨,,
暢銷商品,,,大路貨,,,
網路行銷,,,網絡營銷,,,
儲值,加值,,充值,,,
營運,,,運營,,,
購物籃,購物籃子,,購物筐,,,
空中少爺,空少,,空哥,,,
空中巴士,,,空中客車,,,
空中服務員,空服員,,空中乘務員,,,
空橋,登機橋,,登機廊橋,登機橋,廊橋,
黑盒子,飛行資料記錄器,,黑盒子,黑匣子,飛行參數紀錄系統,
候機室,,,候機聽,,,
航站大廈,,,航站樓,,,
渦輪噴射,,,渦輪噴氣,,,
登機門,,,登機口,,,
登機證,,,登機牌,,,
噴射機,,,噴氣式飛機,,,臺灣稱為「噴射機」，大陸稱「噴氣式飛機」，均在強調其動力系統。
公車專用道,,,公交專用道,公交車道,,
天橋,陸橋,,天橋,陸橋,過街橋,大陸稱「過街橋」、「過街天橋」則是強調提供行人過街的功能。
月臺安全門,月臺門,,屏蔽門,遮罩門,月臺幕門,
平交道,,,道口,,,
交通號誌,,,交通信號燈,,,
交通錐,,,警示桶,,,
地下道,人行地下道,,地下道,地下通道,,
自行車專用道,自行車道,,自行車慢行車道,,,
行人徒步區,徒步區,,步行街,,,
快車道,,,快車道,快行線,,
紐澤西護欄,,,隔離墩,,,
高架橋,交流道,,高架橋,立體交叉橋,立交橋,大陸的「立交橋」全稱為立體交叉橋，強調橋體的立體交叉式設計。
高乘載專用道,,,高載客率專用車道,HOV車道,,高乘載專用道的英文全名是High-occupancy Vehicle Lane，縮稱HOV，因此又稱HOV車道。
斑馬紋行人穿越線,斑馬線,行人穿越道,橫道線,人行橫道,,
圓環,,,環形交叉,環島,轉盤,大陸通常將「圓環」稱作「環島」
電動手扶梯,電動扶梯,電扶梯,電扶梯,步行電梯,滾梯,
電動步道,電動平面步道,自動行人輸送帶,自動步道,自動行人道,,
慢車道,,,慢行道,,,
暫停線,等待線,,安全線,,,
調撥車道,,,可變向車道,變向車流車道,潮汐車道,因為調撥車道的使用經常發生在每日早晚上下班的尖峰時段，定時調整，有如潮汐，因此大陸稱為「潮汐車道」，而香港澳門有「潮水式行車」等稱呼。
導盲磚,,,盲道磚,,,
雙向道路,雙向車道,,雙行道,雙行線,,
公車捷運系統,公車式捷運,,快速公交,,,
公車,公共汽車,,公交,公共汽車,公交車,臺灣所說的「公車」，在大陸指「公交車」。而大陸「公車」的意思，是指政府機關或公司行號因為處理公務而配置的車輛，意思等同於臺灣的「公務車」或「公家車」。兩岸指稱的意思完全不同。
公車亭,,,公交站亭,,,
交通車,,,班車,,,
計程車,出租汽車,出租車,出租汽車,出租車,的士,"「的士」源於計程車的英文Texi的粵語音譯。因計程車最早出現在經濟較發達的香港與廣東等地，所以「的士」一詞逐漸傳播到中國，廣泛使用。
「差頭」是上海方言。來源有兩種說法，一種是來自於「出租」的英文Chatrter的上海話音譯，另外一種可能是源於早期上海的計程車每接一趟生意稱為「出一差」，所以出租車就叫「差頭」。"
連結式巴士,掛接巴士,鉸接客車,鉸接車,通道車,,
博愛座,,,老弱病殘孕專座,,,
共乘,,,拼車,,,
加班車,,,加車,,,
公車站,,,公交站,,,
跳表,按表計費,,跳表,打表,,
車資計算器,計費器,,出租車計價器,,,
準點,,,正點,,,
直達列車,,,直達特快,,,
自強號,,,特快,,,
平快車,,,普快,,,
列車服務員,,,列車員,,,
誤點,延誤,,晚點,,,
捷運,,,地鐵,,,
轉搭,,,中轉,,,
過站不停,,,甩站,,,
機場巴士,,,機場大巴,,,
手排,,,手排,手動檔,,
手煞車,手剎車,,手剎,,,
方向燈,,,轉向燈,,,
火星塞,,,火花塞,,,
自排,,,自動檔,,,
雨刷,,,雨刮器,,,
保險桿,,,保險槓,,,
後車廂,,,後備箱,,,
後照鏡,照後鏡,,後視鏡,,,
消音器,,,消聲器,,,
堆高機,,,叉車,鏟車,,
登山車,,,登山車,山地車,,
輕型機車,,,輕騎,,,
聯結車,,,拖掛車,,,
露營車,,,房車,拖掛車,,
右轉,,,右轉,小拐,,
左轉,,,左轉,大拐,,
白牌車,無照計程車,,黑車,,,早期香港正規的計乘車車牌是黑底白字，非商用車的車牌是白底黑字，所以用私家車非法載客的車輛便稱為「白牌車」，後來臺灣也用白牌車稱呼無照計乘車。
行車執照,行照,,行駛證,車照,,
車輛擦撞,,,蹭車,,,
追撞,,,追尾,,,
監理所,,,車輛管理所,車管所,,
駕駛執照,駕照,,駕照,駕駛證,車本,
變換車道,,,變線,,,
快遞,,,快遞,特快專遞,,
癸字戳,,,集郵日戳,,,
貨櫃,,,集裝箱,,,
郵政儲金,,,郵政儲蓄,,,
郵票卡,,,郵折,,,
郵遞區號,,,郵政編碼,郵編,,臺灣採三加二制，共五碼，第一位表示縣市，第二、三位表示鄉鎮市區，最後兩號區分鄰里及投遞段。大陸採四級六位編碼制，前兩位表示省，第三位指郵區，第四位指縣市，最後兩位數表示投遞區位置。
複合運輸,,,聯合運輸,,,
大學聯盟,,,大學聯合體,,,
中輟生,中途輟學生,,流失生,流生,,
仁愛學校,,,殘疾人學校,,,
公立學校教師,,,公辦教師,,,
文化不利兒童,弱勢兒童,,處境不良兒童,處境不利兒童,,
幼稚園,,,幼兒園,,,
全職研究生,,,脫產研究生,,,
在家自行教育,,,在家上學,,,
考試導向教育,,,應試教育,,,
私立大學,,,民辦大學,民辦高校,,"中國大陸早期的私立大學，在1949年以後，全數被併校或撤校。直至1980年，始允許民辦大學成立。
今日大陸民辦大學超過千所，但為國家所承認者不到三百。多數民辦大學缺乏審核和監督。學校的營運經費完全仰賴學費收入，只要入學人數減少，學校經營就會發生困難，因此師資設備參差、教學品質良莠不齊，且學歷不一定受國家認可。
另外，大陸地區公立大學的入學生，可因入學讀書將戶籍改設於學校所在地，但民辦大學學生不適用於此項規定。"
姊妹校,,,兄弟學校,,,
空中大學,空大,,廣播電視大學,電視大學,電大,大陸的廣播電視大學，並不是一座具體的學校，而是由中央廣播電視大學與各地廣播電視大學組合而成的遠距教育機構，畢業後由中央廣播電視大學統一頒發畢業證書，如果通過聯合辦學大學的學位認可要求，則由合辦大學頒發畢業證書。
長青大學,老人大學,松年大學,老年人大學,老年大學,老齡大學,"臺灣第一座長青大學起源於1982年，由高雄市政府與基督教女青年會共同籌辦。中國大陸的第一座老年大學創辦於1983年山東省。
兩岸長青大學或老年大學雖然都屬高齡教育機構，但修習學分和課程內容並不具有實質的學位資格。"
非應屆畢業生,,,往屆畢業生,往屆生,,
品格教育,,,品質教育,道德品質教育,,
待業留學生,,,待業歸國留學生,海待,,
後段班,放牛班,,慢班,,,
重考生,,,複讀生,回讀生,,
師範生公費教育,,,師範生免費教育,,,
班導師,班導,級任老師,年級輔導員,,,
訓導處,,,教導處,,,
啟明學校,,,盲童學校,盲人學校,,
啟聰學校,,,聾人學校,聾啞人學校,啟聰學校,
常春藤盟校,,,常春藤聯盟,常青藤聯盟,常青藤盟校,
教師休假進修,,,學術休假,,,
清寒學生,,,特困生,,,
通勤生,通學生,,走讀生,通宿生,,
華僑教育,僑生教育,僑民教育,海外華人教育,華教,,
補救教學,,,糾錯教學,矯正指導,補救教學,
資優生,資賦優異學生,,尖子生,,,
資優班,前段班,,快班,尖子班,,
資優教育,,,天才兒童教育,,,
隔空教育,,,在線教育,,,
實習老師,,,見習老師,,,
遠距教學,遠距教育,,遠程教學,遠距離教學,遠程教育,中國大陸自1970年開辦廣播電視大學。隨著學生對教育的需求和教育的普及，許多大學也設有網路教育學院，開辦課程，提供學生利用網路上線學習。
大學入學考試,,,高考,高等學校招生考試,,"中國大陸的高等學校招生考試，雖然是全國統一考試，但各省分幾乎都採用自主命題的試卷。考試科目根據個人選擇而有所不同，除語文、數學、外語三科為必考科目之外，另分成文科和理科兩類。
「高考」一詞在臺、陸兩地都有使用，但意思不同。中國大陸指的是高等學校招生考試，在臺灣指的是公務人員高等考試。"
申論題,,,論述題,,,
多益,國際溝通英語測驗,,托業,國際交流英語考試,,多益的英文是Test of English for International Communication，縮稱TOEIC。臺灣將縮稱音譯為「多益」，中國大陸則音譯為「托業」。
克漏字填充測驗,,,完型填空試題,,,
重考,,,復讀,回讀,,
猜題,,,猜題,押題,壓題,
電腦應用軟體檢定考,,,計算機技術與軟件專業技術考試,計算機軟件考試,軟考,
學力鑑定,,,學業評估,,,
風紀股長,,,紀律委員,,,
康樂股長,,,文娛委員,文藝委員,,
學藝股長,,,學習委員,,,
大學評鑑,,,大學評估,,,
教育品質,,,教育質量,,,
教育評鑑,,,教育評價,,,
共同必修課,,,公共基礎課,,,
私人興學,私人辦學,私人興辦教育,民辦教育,社會力量辦學,,
建教合作,產教合作,,廠校掛鉤,產教結合,,大陸的「產教結合」、「廠校掛鉤」模式變化性較大，有類似於臺灣建教合作，安排學生進入企業實習工作。也有的是利用學校現有的專業實習工廠和加工設備，吸引企業加盟，由學校出廠房和設備，企業負責指導工人、製作產品、負責推廣銷售，雙方結合培養人才，讓學生和老師都參與生產，在實務中學習技術。
情緒智商,,,情緒商數,情商,,情緒智商的英文是Emotional quotient，臺灣縮稱為EQ。
教育程度,,,文化程度,,,
第二外語,,,第二外語,二外,,
當掉,,,掛科,,,
課外教學,,,課外教學,第二課堂教育,第二渠道教育,
點字,盲字,,盲字,盲文,,臺灣現行的國語點字是注音符號點字系統，採用布雷德系統的記號，以不同的點字記號代表國語注音符號加以排列。大陸的點字系統同樣利用布雷德的六個凸點排列，以漢語拼音表示中文。香港地區的點字系統則是使用粵語拼音。
國劇,平劇,京劇,京劇,京戲,,清末時平劇流行於北京，而北京的舊名為北平，因此有「平劇」、「京劇」、「京戲」等稱呼。1949年，臺灣政府推廣平劇，定名為「國劇」。
有聲書,,,有聲讀物,,,
次文化,副文化,亞文化,亞文化,,,
行動劇,,,活報劇,,,行動劇的英文為Living Newspaper，大陸所說的「活報劇」，是原文義譯。
西洋棋,西洋象棋,,國際象棋,,,
披頭四,,,披頭士,甲殼蟲樂團,,英文團名為The Beatles，臺灣音譯為「披頭四」，大陸則音譯為「披頭士」，義譯為「甲殼蟲樂團」。
金氏世界紀錄,,,吉尼斯世界紀錄,,,英文為Guinness World Records，兩岸四地音譯名稱略有差異，大陸稱為「吉尼斯世界紀錄」。
迪斯可,,,迪斯科,,,「迪斯可」、「迪斯科」或「的士高」都來自於英文Disco的中文音譯。在大陸，播放迪斯可音樂提供跳舞娛樂的舞廳，簡稱為「迪廳」。
食譜,,,菜譜,,,
哥德式藝術,,,哥特式藝術,,,哥德式藝術的英文為Gothic Art。中國大陸音譯為「哥特式藝術」。
粉彩畫,,,色粉畫,粉畫,,
國際標準舞,國標舞,標準舞,國際標準交誼舞,體育舞蹈,,
國樂,,,民樂,,,臺灣稱「國樂」強調是國家傳統音樂。大陸稱「民樂」是民族音樂的簡稱，強調是流傳久遠的民間傳統音樂。港澳地區則稱為「中樂」。
報導文學,,,報告文學,,,
普立茲獎,普立茲新聞獎,,普立策獎,普力策新聞獎,普利策獎,
漫畫書,,,漫畫書,卡通書,,
數位出版,,,數字出版,,,
薩克斯風,薩克管,,薩克斯管,薩克管,薩士管,「薩克斯風」來源於英文Saxophone的中文音譯。因為是木管樂器，又有「薩克斯管」、「薩克管」等各種不同的音譯。
羅曼史,,,羅曼司,,,
龐克,,,朋克,,,無論稱為「龐克」、「朋克」或「崩」，都是英文Punk的音譯。
魔幻現實主義,,,魔幻寫實主義,,,
不斷電系統,,,不間斷電源系統,,,臺灣稱「不斷電系統」和大陸稱「不間斷電源」均自英文Uninterruptible Power Supply翻譯過來，縮稱為UPS。
主機板,,,主板,底板,,
外接式硬碟,可攜式硬碟,,移動硬盤,,,
平價小筆電,小筆電,,上網本,,,
光碟,,,光盤,,,
光碟機,光碟驅動器,,光盤機,光盤驅動器,光驅,
光碟燒錄機,燒錄機,,光盤刻錄機,刻錄機,,
印表機,列印機,列表機,打印機,,,
行動硬碟,,,移動硬盤,,,
伺服器,,,服務器,,,
快閃記憶體,,,閃存,,,
音效卡,,,聲卡,,,
桌上型電腦,桌機,,臺式電腦,臺式機,,
記憶體,,,存儲器,,,
高階小筆電,,,超級本,,,
掃描器,,,掃描儀,,,
軟碟,,,軟盤,軟磁盤,,軟碟是英文Floppy Disk一詞的義譯。
軟碟機,軟式磁碟機,,軟盤機,軟盤驅動器,軟驅,軟式磁碟機是英文Floppy Drive一詞的義譯。
硬碟,硬式磁碟機,,硬盤,,,「硬碟」和「硬盤」均源於英文Hard Disc一詞的義譯。
硬體,,,硬件,,,
筆記型電腦,筆電,手提電腦,筆記本電腦,筆記本,手提電腦,
搖桿,控制桿,,搖桿,手柄,,
滑鼠,電腦鼠,,鼠標,鼠標器,,臺灣稱「滑鼠」，大陸稱「鼠標器」、「鼠標」皆直接翻譯自英文對滑鼠的稱呼Mouse，由於其外形與老鼠相似故得其名。
電算機,電腦,電子計算機,計算機,電腦,,電腦的英文Computer的原意是計算機，所以大陸翻譯為「計算機」。
碳粉匣,碳粉盒,,碳粉匣,碳粉盒,粉盒,
網路攝影機,,,網絡攝像頭,攝像頭,,
墨水匣,,,墨水盒,墨盒,,「墨水匣」或「墨水盒」都來源於英文Ink Cartridge一詞的義譯。
數位錄音筆,,,數字錄音筆,數碼錄音筆,數碼錄音棒,
數據機,,,調制解調器,,,
螢幕,,,屏幕,熒光屏,熒屏,
隨身碟,拇指碟,快閃碟,隨身碟,快閃碟,優盤,因快閃記憶體在大陸被稱為閃存，所以隨身碟在大陸又被稱為「閃存盤」或「閃盤」。而大陸最早推出隨身碟的公司，將隨身碟命名為「優盤」，所以「優盤」和同音的「U盤」都成為隨身碟的俗稱。
觸控螢幕,觸控式螢幕,,觸屏,觸控式屏幕,觸摸屏,
顯示卡,顯卡,顯示器配接卡,顯示卡,顯卡,,
入口網站,,,門戶網站,,,
工作列,,,任務欄,,,
內部網路,,,內聯網,,,
全形,,,全角,,,
位元,二進制位元,,比特,,,大陸所說的「比特」是來源於英文Bit一詞音譯，而Bit是Binary Digit，即二進位數字的縮寫。
社群媒體,,,社會媒體,,,
附屬應用程式,,,附件,,,
重新整理,,,刷新,,,
音訊,,,音頻,,,
原始碼,,,源代碼,源程序,源碼,「原始碼」、「源代碼」、「源碼」都來源於英文Source Code一詞的義譯。
套裝軟體,,,系統軟件,,,
區域網路,,,局域網絡,局域網,,
唯讀,,,只讀,,,
啟用,啟動,,激活,,,
捷徑,,,快捷方式,,,
軟體,,,軟件,,,
軟體包,程式包,,軟件包,程序包,,
連結,,,鏈結,,,
部落客,,,博主,,,"大陸將部落格稱為「博客」，因此建立博客並更新、管理內容的人，稱之為「博主」。
近年來大陸流行每篇字數限制於140字的微網誌，稱為「微博」，而微博的使用者也稱為博主。但微博的「博主」，不等同於「部落客」。"
部落格,網誌,,博客,網絡日誌,,部落格的英文全稱是Web log或Blog。臺灣音譯為「部落格」，中國大陸音譯為「博客」。Web log的意思是網路記錄，臺灣義譯為「網誌」，中國大陸義譯為「網絡日誌」。
游標,,,光標,,,
登錄檔,,,註冊表,,,
程式,,,程序,,,
程式設計,,,編程,,,
視訊,,,視頻,,,
視窗,,,窗口,,,
開機片,,,系統盤,,,
微網誌,微型網誌,微博,微博,微型博客,微博客,常見的微網誌代表是美國的Twitter、Facebook或Plurk。大陸的新浪微博和騰訊微博，是經營得極其成功的微網誌，因此「微博」逐漸成為微網誌的代稱。
當機,,,死機,,,
解析度,,,分辨率,,,
解除安裝,,,卸載,,,
解碼器,,,譯碼器,,,
資料庫,,,數據庫,,,「資料庫」或「數據庫」都來源自英文Database一詞。
資源回收桶,,,回收站,,,
電腦病毒,,,電腦病毒,計算機病毒,,
電腦排版,,,激光照排,,,
預設,,,默認,,,
網路,,,網絡,,,
網路芳鄰,,,網上鄰居,,,
網路遊戲,線上遊戲,,網絡遊戲,在線遊戲,,因網路遊戲必須倚賴網路進行，遊戲時必須保持在線狀態，因此臺灣又稱為「線上遊戲」，而大陸則稱為「在線遊戲」。
網際網路,,,互聯網,因特網,,
寬頻網路,寬頻,,寬帶網路,寬帶,,
輸入鍵,Enter鍵,,回車鍵,,,
選單,目錄,,菜單,,,
頻寬,,,帶寬,,,
公用電話,,,公用電話,公話,,
多媒體簡訊,,,彩信,,,
忙線訊號,,,忙音信號,忙音,,
行動電源,,,移動電源,充電寶,外掛電池,
來電答鈴,,,彩鈴,回鈴音,,
受話方,,,被叫,,,
長途電話,,,長途電話,長話,長途,
基地臺,,,基站,,,
通訊,,,通信,,,
智慧型手機,,,智能手機,,,
畫素,,,像素,,,
發話方,,,主叫,,,
電信警察,,,網絡警察,網警,,
摩爾斯電碼,摩斯密碼,,摩爾斯電碼,莫爾斯電碼,,摩斯密碼英文全稱為Morse Code，因音譯差異，臺灣和大陸稱呼略有不同，大陸音譯為「莫爾斯電碼」或「摩爾斯電碼」。
數位,,,數碼,,,
數位相機,,,數字相機,數碼相機,,
數位娛樂,,,數字娛樂,,,
數位電視,,,數字電視,數碼電視,,
數位電話,,,數字電話,,,
斷線,,,掉線,,,
簡訊,,,短消息,短信,短訊息,
三度空間,3D,三次元,三維空間,,,臺灣稱「三度空間」，或大陸稱「三維空間」都是英文Three-dimensional Space的義譯。「3D」則是其簡稱。「三次元」則臺灣直接擷取日文翻譯而來。
太空人,,,宇航員,航天員,,
太空中心,,,航天中心,,,
太空衣,,,太空服,航天服,宇航服,
太空站,航太站,,太空站,空間站,航天站,臺灣稱「太空站」，大陸稱「空間站」、「太空站」，都是從英文Space Station翻譯而來。
太空梭,,,航天飛機,,,
太空船,,,太空船,太空機,宇宙飛船,
太空漫步,,,太空行走,,,
外太空,宇宙空間,,外層空間,宇宙空間,,臺灣稱「外太空」，大陸稱「外層空間」，都是從英文Outer Space翻譯而來。
奈米,,,納米,,,
芮氏,芮氏規模,,里氏,黎克特級數,里克特級數,中國大陸因為Richter音譯為里克特或黎克特，因此將這套震級規模定名為「里氏」或「里克特」、「黎克特」震級。
核子反應器,原子爐,核子反應爐,反應堆,核反應堆,原子反應堆,臺灣稱「核子反應器」、「核子反應爐」、「反應爐」，大陸稱「反應堆」、「核反應堆」、「原子反應堆」，都是從英文Nuclear Reactor翻譯而來。
核子試爆,,,核試驗,,,
核能電廠,,,核電站,,,
晶片,,,芯片,,,
登月小艇,,,登月艙,,,「登月小艇」和「登月艙」都是從英文Lunar Modul一詞義譯而來。
虛擬實境,,,虛擬現實,,,
超音速,,,超音速,超聲速,,臺灣稱「超音速」，大陸稱「超聲速」均源於英文Supersonic一詞的義譯。
雷射,鐳射,,雷射,鐳射,激光,「雷射」是英文Laser的音譯。大陸稱「激光」是以此表現出雷射光受激發射的原理。
電晶體,,,晶體管,,,
複製,無性繁殖,選殖,克隆,無性繁殖,,大陸稱「克隆」是來源於英文Clone一詞的音譯。
積體電路,,,集成電路,,,積體電路和集成電路均是自英文Integrated Circuit翻譯過來，簡稱為IC。
少年感化院,少年觀護所,,少年犯管教所,少年犯管理所,少管所,
犯罪率,,,發案率,,,
犯罪集團,,,犯罪團伙,,,
交保候傳,,,取保候審,,,
共犯,,,同案犯,,,
取締仿冒,,,打假,,,
青少年犯罪,,,未成年人犯罪,,,
匿報,,,瞞報,,,
掃黑,,,打黑,,,
結婚證書,,,紅證,結婚證,,由於大陸的結婚證書為棗紅色，故又俗稱「紅證」。另外，大陸土地使用證也是紅色的，是以也俗稱「紅證」。
黃牛,,,黃牛,票販子,,
違規記點,記點,,違規記分,扣分,,"中國大陸採用計分制度，扣分上限為12分。扣滿12分，駕駛人必須參加道路安全知識的課程，加以考核。考核通過者重新計分。
香港的「違例計分」從1984年實施。累積計分10分，駕駛者必須自費參加駕駛改進課程。累計達15分，將吊扣駕駛執照三個月。違犯扣分10分的項目，法院可做出停牌三個月到十年不等的各種嚴格處分。"
緘默權,,,沉默權,,,
離婚證書,,,離婚證,藍證,,大陸的離婚證書因外皮為藍色，故俗稱「藍證」。
飆車族,暴走族,,飆車族,,,"大陸的飆車族通常多是三十歲以下年輕人，家境中上，有些人從事汽車改裝等工作，主要以轎車為工具。
此外，「暴走族」在大陸的意思是指沿著固定路線，快步行走鍛鍊身體的人。與臺灣所說的暴走族意思完全不同。"
竊盜案,,,盜竊案,,,
戶口名簿,,,戶口簿,戶口本,,香港和澳門因曾受英國和葡萄牙的統治，故無此類戶籍制度。
戶長,,,戶主,,,
出生證明,,,出生證明,,,
地方政策,,,土政策,土規定,,
身心障礙手冊,,,殘疾人證,,,
政治庇護,,,政治庇護,政治避難,,
國民身分證,,,居民身分證,,,香港與澳門因為曾受英國、葡萄牙兩國管轄，因此在戶籍與身分證件的制度上大陸有所不同。香港的身分證有兩種，一種為「永久居民身分證」，是發給香港永久居民，而「居民身分證」則是發給沒有香港居留權者的身分證。
設籍,,,落戶,,,
證件照,大頭照,,標準照,標準像,,
二手菸,,,被動吸菸,,,
入贅,招贅,小娶,入贅,上門女婿,招贅女婿,
小廣告,,,野廣告,,,
代理孕母,代母,,代孕母親,,,
志工,義工,,志工,義工,志願者,
姊妹市,姊妹城,,姊妹市,兄弟城,友好城市,
軍眷,,,軍屬,,,
家庭主夫,家庭煮夫,,家庭主夫,家庭婦男,,
記者會,,,記者會,吹風會,,「吹風會」是英文Briefing meeting的義譯，具有與「記者會」相同的發布新聞性質，但氣氛較鬆弛，具有非正式的意味。通常政府在重大政策推出之前，召開「吹風會」，由負責該政策的官員或是統理事務的首長向傳媒溝通，內容包括宣布公告事項、解釋和問答。
救難隊,,,搶險隊,,,
陳情,訴願,請願,上訪,信訪,,大陸的「上訪」和「信訪」差異性在於，前者是當事者親自前往政府部門提出申訴、控告或檢舉，而後者是當事者以書信、電子郵件、傳真或電話等形式，向政府機關反映情況，要求解決問題。
頂客族,,,丁克族,丁克家庭,,
單親媽媽,,,單身媽媽,獨身媽媽,,
雅痞,,,雅皮士,,,「雅痞」是英文Yuppie的音譯，有多種譯法，如「雅皮」、「雅皮士」、「優皮士」等等。Yuppie是Young urban professional的縮寫，指都會城市裡的年輕專業人士。
業配新聞,,,有償新聞,,,
義勇警察,義警,,協警,協警員,,
管區員警,轄區員警,,管片民警,,,
網路成癮,,,網癮,,,
嬉皮,,,嬉皮士,,,「嬉皮」與「嬉皮士」，都是英文Hippie的音譯。
12碼球,,,點球,,,
12碼罰球,,,罰點球,,,
二軍,,,替補隊員,板凳隊員,,
內野,,,內場,,,
內野高飛球,,,內場騰空球,,,
比腕力,,,掰腕子,,,
水上芭蕾,,,花樣游泳,,,
世界大學生運動會,世大會,世大運,世界大學生運動會,大運會,,
主審,主審裁判,,主判,主裁判,主裁判員,
外野,,,外場,,,
伏地挺身,俯臥撐,,俯臥撐,,,
先發投手,,,開局投手,,,
全壘打,紅不讓,,本壘打,本壘跑,,
地主隊,,,主隊,,,
安全上壘,,,安全進壘,,,
自由式,捷泳,,捷泳,爬泳,,「捷泳」是英文Crawl Stroke的義譯。
自由球,,,任意球,,,臺灣稱「自由球」或大陸稱「任意球」皆自英文Free kick翻譯而來。
伸展運動,,,拉伸運動,,,
扯鈴,,,空竹,響簧,風葫蘆,扯鈴在不同地方有不同稱呼，如北方將扯鈴俗稱為「空竹」，四川地區則叫「響簧」，天津一帶則稱為「風葫蘆」或「響葫蘆」。
延長賽,,,加時賽,,,
直排輪,,,輪滑,單排輪滑,直排輪滑,
花式滑冰,花滑,,花樣滑冰,花樣溜冰,,
保齡球,,,保齡球,地滾球,,「保齡球」是英文Bowling的音譯。因為保齡球是滾地球運動，因此大陸又稱為「地滾球」。
捕手,,,接手,,,「捕手」一詞來自於日文漢字，而大陸所說的「接手」，則是來自於英文Catcher的義譯。
高空彈跳,,,蹦極,蹦極跳,,高空彈跳的英文是Bungee Jumping或Bungy Jumping，無論「蹦極」、「蹦極跳」或「笨豬跳」都從其原文音譯而來。
武術,國術,,武術,,,
軟骨功,,,柔身術,,,
殘障奧運會,殘奧會,帕拉林匹克運動會,殘疾人奧林匹克運動會,殘疾人奧運會,殘奧會,
盜壘,,,偷壘,,,臺灣稱「盜壘」或大陸稱「偷壘」，皆自英文Stolen Base翻譯而來，縮稱SB。
會內賽,,,正賽,正式比賽,,
會外賽,,,預選賽,,,
準決賽,,,半決賽,二分之一決賽,,
槌球,,,門球,,,槌球的英文原名為Gateball，大陸直譯為「門球」。
滾地球,,,地滾球,,,
蓋火鍋,,,蓋火鍋,蓋帽,,
彈翻床,,,蹦床,,,
撞球,檯球,,檯球,桌球,,值得注意的是，港澳地區將「撞球」稱為「桌球」。但「桌球」這個詞在臺灣指的卻是乒乓球。兩地用詞完全不同。
蝶式,蝶泳,,蝶泳,海豚泳,,為了使速度加快，蝶式衍生出變體，泳者利用腰部力量讓腿部做出類似海豚打水的動作。因模仿海豚，故稱為「海豚泳」。
輪式溜冰,滑輪溜冰,,滑旱冰,,,
韻律體操,,,藝術體操,,,
二輪片,,,復映片,,,大陸所說的「復映片」除了指二輪片之外，還特指一些1970到1980年之間，改革開放之初，因各種原因被禁映禁播的國產電影重新公映，或指近年來因電影技術的發展，許多改為3D版後再次上映的老電影。這些電影未必只進二輪片戲院，有些也上院線。
三溫暖,,,桑拿,桑拿浴,薩烏拉浴,「三溫暖」和「桑拿」、「桑拿浴」、「薩烏拉浴」都來自於芬蘭語Sauna的音譯。
午夜場,,,夜場,通宵電影,零點場,
包廂,包間,,包廂,包間,包房,
卡拉O.K,,,卡拉O.K廳,,,
尾牙,尾迓,,年終聯歡,,,
扮家家酒,,,過家家,,,
兒童活動中心,,,少年宮,,,
迪斯可舞廳,,,迪廳,,,
原子小金剛,,,鐵臂阿童木,,,
酒吧,,,酒吧,酒吧間,,
剪刀石頭布,,,包袱剪子錘,,,
唱片行,,,音像店,,,
雲霄飛車,,,過山車,,,
園遊會,,,遊園會,,,
滑水道,,,水滑梯,,,
腳底按摩店,,,洗腳房,,,
福利社,,,小賣部,,,
網咖,,,網吧,,,大陸所說的「網吧」，意思與網咖相同。而「吧」這個字是英語中Bar的音譯，指酒吧一類的小飲食店，如冰吧、巧克力吧等等。
魔術方塊,,,魔方,魯比克方塊,,因音譯不同，大陸又將魔術方塊稱為「魯比克（Rubik）方塊」。
女主角,,,女主角,女一號,,
男主角,,,男主角,男一號,,
票房紀錄,票房銷售率,,票房紀錄,上座率,,
單元劇,,,單本劇,,,
電視影集,,,電視系列片,系列電視劇,,
模特兒,,,模特,,,「模特兒」、「模特」都是從英文Model音譯而來。
招牌菜,特色菜,,當家菜,特色菜,,
茶藝館,,,茶吧,,,
菜單,,,菜單,菜譜,,
燒烤店,串燒店,,串吧,,,
大笨鐘,,,大笨鐘,大本鐘,大鵬鐘,
大廳,門廳,,大廳,門廳,大堂,
中央標準時間,,,北京時間,,,
公費旅遊,,,公款旅遊,,,
水上公園,水上樂園,,水上公園,,,
民俗文化村,,,民俗風景區,民俗文化村,,
休閒農場,,,農家樂,,,"「農家樂」起源於1980年左右，指以農業和鄉村為消費特點的旅遊娛樂休閒場所。最早的農家樂多是農戶家庭為主要經營單位，提供農家菜的飲食或蔬果現場採收、垂釣遊憩等休閒服務。
近年來隨著經濟發展、民眾對於休閒的需求大增，農家樂服務項目逐漸涵蓋住宿和旅遊等方面，發展以生態或鄉村為主軸的旅遊活動，部分地區的農家樂甚至能提供達到星級飯店標準的住宿服務。"
休閒農場遊,,,農家樂遊,農家院民俗遊,,
地標性建築,,,地標性建築,標誌性建築,,
自由行,,,自由行,個人遊,,中國大陸允許大陸居民以個人身分申請到臺灣、香港、澳門三地自由旅行的計畫，也稱作「自由行」或「個人遊」。如「臺灣個人遊計畫」、「港澳個人遊」、「港澳自由行」等。
自助旅遊,自助行,自主旅遊,自助遊,,,
伴手禮,伴手,,手信,,,「手信」原是粵語方言，因信手捎來，故得名。
來回機票,往返機票,,往返機票,雙飛票,雙程票,「雙飛票」的含意等同於來回機票，但「雙程票」除指來回機票之外，也用於火車或巴士等相關的旅遊票券，雙程即是指去程與回程。
協力車,,,雙人自行車,,,
協力車,,,多人自行車,,,
附早餐,含早餐,,含早餐,,,
青年旅舍,青年旅館,,青年旅舍,,,
度假村,渡假村,,度假村,,,
洗手間,盥洗室,化妝室,洗手間,盥洗室,衛生間,
背包客,,,背包客,背囊客,驢友,中國大陸以「驢友」稱呼這些旅行者。「驢友」一詞出自於網路，原來是「旅遊」的諧音，再加上驢子的特性吃苦耐勞，能馱負重物，因此成為自助旅行者的代稱。
旅遊團,旅行團,觀光團,旅遊團,,,
旅遊,觀光,,旅遊,,,
旅遊巴士,觀光巴士,,旅遊車,,,
旅遊業,觀光業,無煙囪工業,旅遊業,,,
單人房,,,單間,單人間,,
郵輪,遊輪,,遊輪,郵船,,
黃金海岸,,,金沙灘,,,
搭便車,,,蹭車,,,
溪釣,,,野釣,,,
聖母峰,埃佛勒斯峰,,珠穆朗瑪峰,珠峰,,
解說員,,,解說員,講解員,,
遊客,觀光客,,遊客,,,
遊樂場,遊樂園,,遊樂園,,,
遊覽車,,,旅遊車,,,
磁卡,房卡,,卡式鑰匙,鑰匙卡,,
豪華客房,豪華房,,豪華客房,豪華間,,
櫃檯,服務櫃檯,,前臺,服務臺,,
櫃檯經理,,,大堂經理,,,
雙人房,雙人客房,兩人客房,雙人房,雙人間客房,標準間,
龐畢度國家藝術中心,龐畢度藝術中心,,蓬比度藝術中心,,,
觀光局,,,旅遊局,,,"大陸的旅遊局隸屬國務院，主要負責統籌協調旅遊業發展、制定國內旅遊、入境旅遊和出境旅遊的市場開發和實施，並針對旅遊資源進行普查規劃、開發和保護，促進國際交流與合作。
香港的旅遊發展局是由香港政府資助的機構。澳門旅遊局則隸屬於澳門社會文化司，負責協助制定及執行旅遊政策、推廣澳門旅遊活動。 "
觀光勝地,旅遊勝地,遊覽勝地,旅遊勝地,,,
旅遊資源,觀光遊憩性資源,,旅遊資源,,,
旅遊簽證,觀光簽證,旅行簽證,旅遊簽證,,,
纜車,,,纜車,懸空電車,,
投影機,,,投影儀,,,
削鉛筆機,,,轉筆刀,削筆刀,捲筆刀,
修正液,立可白,,修正液,塗改液,改正液,因為修正液能夠迅速乾涸、變白將錯字蓋住等特色，所以臺灣俗稱為「立可白」。而香港、澳門地區則因它的外表顏色，稱之為「白油」。
原子筆,,,原子筆,圓珠筆,走珠筆,早期原子筆從美國輸入香港時，並沒有專門名稱。因為當時流行「原子」，例如原子能源、原子彈等等，「原子」一詞帶有科技、先進和勝利的意涵，所以命名為「原子筆」。
桌曆,,,臺曆,,,
紙黏土,,,橡皮泥,,,
迴紋針,,,回形針,曲形針,曲別針,無論是迴紋針、回形針或曲別針，都因造型而得名。而香港稱迴紋針為「萬字夾」，是因為一支迴紋針可以夾住多張文件，而文件中的上萬文字也都被夾在一起，故有此稱。
量角器,半圓規,分度規,量角器,半圓儀,,
影印機,,,複印機,,,
識別證,,,識別證,胸卡,胸牌,
人造皮,,,人造革,,,
卡式電話,,,磁卡電話,,,
存錢筒,,,儲蓄罐,,,
延長線,,,接線板,插線板,插排,臺灣所說的「延長線」是延長電源和插頭距離的電線，但大陸所說的「延長線」則多用在公路幹道，指交通路線延長的部分。兩者同名異實。
拖把,,,拖把,墩布,拖布,
泡棉,,,泡沫塑料,,,
保溫杯,,,保溫杯,保暖杯,,
保麗龍,保利龍,普利龍,泡沫塑料,多孔塑料,,「保麗龍」一詞是由英文Polystyrene音譯而來。大陸地區將塑膠稱為「塑料」，而保麗龍由於是發泡而成，被稱為「泡沫塑料」，再加上它的材質多氣孔，又稱為「多孔塑料」。
洗衣板,,,洗衣板,搓板,搓衣板,
洗潔劑,,,洗滌劑,,,
紅包,,,紅包,利是封,利是,
面紙,,,面巾紙,,,
條碼,條紋密碼,線條密碼,條碼,條形碼,信息碼,
涼被,,,夏涼被,空調被,,
清潔劑,,,保潔劑,,,
塑膠,,,塑料,,,中國大陸將塑膠稱為「塑料」。而塑膠袋過度濫用所造成的環境公害，稱為「白色汙染」。
塑膠袋,,,塑料袋,,,
瑞士刀,,,瑞士軍刀,,,
電擊棒,電警棒,電棍,電棒,電警棍,電棍,
熱水瓶,熱水壺,,熱水瓶,暖水瓶,暖瓶,
橡皮筋,,,橡皮筋,猴皮筋,,
燙衣板,,,熨衣板,,,
錄音帶,,,音像帶,磁帶,,
螺絲起子,,,螺絲起子,螺絲刀,改錐,
寶特瓶,,,塑料瓶,,,
魔鬼氈,,,魔術貼,,,
土石流,,,泥石流,,,臺灣使用「土石流」一詞，源於日本用語。在日文中，「土石流」三字以漢字書寫。而中國大陸則稱之為「泥石流」。
反聖嬰現象,聖女現象,,拉尼娜現象,反厄爾尼諾現象,,反聖嬰現象一詞，在西班牙原文中，與聖嬰現象相對，稱為La Niña，意指女孩。臺灣中央氣象局將此定名為「反聖嬰現象」，又稱聖女現象。中國大陸音譯為「拉尼娜現象」，或義譯為「反厄爾尼諾現象」。
市區淹水,,,城市內澇,,,「澇」意指水淹、雨多成災，所以大陸以「內澇」稱市區淹水的情形。
光害,,,光汙染,,,
流星,,,流星,賊星,,
寒害,,,冷害,,,
超自然現象,,,超常現象,,,臺灣的「超自然現象」是義譯於英文Supernatural Phenomena一詞。而大陸的「超常現象」則是義譯於英文Paranormal phenomena。
溫室效應,,,花房效應,溫室效應,,溫室效應的英文為Greenhouse Effect，大陸又翻譯作「花房效應」。
聖嬰現象,,,厄爾尼諾現象,,,臺灣將El Niño義譯為「聖嬰現象」，而中國大陸及港澳等地音譯為「厄爾尼諾現象」。
豪雨,,,暴雨,,,
震央,,,震中,,,
木棉,紅棉,英雄樹,木棉,英雄樹,攀枝花,
白線斑蚊,,,白線伊蚊,,,大陸稱「白紋伊蚊」是根據其外觀特徵命名，伊蚊是蚊科伊蚊屬的通稱，而伊蚊是學名Aedes的音譯。
花苞,,,花苞,花骨朵,,
海芋,觀音蓮,,馬蹄蓮,,,
無尾熊,袋熊,,考拉,樹袋熊,,
聖誕紅,,,一品紅,,,
貓熊,大貓熊,熊貓,熊貓,大熊貓,,臺灣稱貓熊，是採用專名在前、通名在後的命名慣例，意思是像貓的熊科動物。大陸、香港澳門地區則慣稱為「熊貓」。
冷媒,氟氯烷,製冷劑,製冷劑,氟利昂,雪種,
硝化甘油,,,硝酸甘油,,,
塑化劑,可塑劑,,塑化劑,增塑劑,,
壓克力,亞克力,,有機玻璃,亞克力,,「壓克力」或「亞克力」、「阿加力膠」等稱呼，都是來源於英文Acrylic的音譯。
戴奧辛,,,二噁英,,,
三不五時,,,隔三差五,,,
口無遮攔,,,沒下巴,,,
不好用,,,不好使,,,
引人目光,,,奪人眼球,,,
心理準備,,,思想準備,,,
心機,,,小九九,,,
火熱,熱鬧,,火爆,,,
出頭,,,出頭,冒尖,冒頭,
半吊子,,,二把刀,,,
叫陣,嗆聲,,叫板,,,「嗆聲」是閩南語方言。而「叫板」一詞有兩種意思，一用在傳統戲曲中，當演員在說白後起唱前，把說白最後一個字拉長，配合特殊動作，向樂師示意，配合唱腔過度。而另外一種說法則與叫陣和嗆聲相同，是北京、天津一帶的方言。
可靠,,,靠譜,,,
立刻,馬上,,立刻,馬上,立馬,
丟臉,丟面子,,丟臉,丟面子,跌份,
地主國,,,東道國,,,
收尾,,,收官,,,
有錢人,,,大款,,,
西瓜偎大邊　　　　　　　　　　　　　　　　　　　　　　　　　　　　　　　　,,,隨大流,,,
吵架,,,吵架,吵嘴,打嘴仗,
吸睛,,,奪人眼球,,,
扮白臉,,,唱紅臉,,,大陸稱為「唱紅臉」，由於京劇中畫紅臉的角色多是忠臣或好人，故引以為用。
扮黑臉,,,唱白臉,,,大陸稱為「唱白臉」，由於京劇中畫白臉的角色多是奸臣或壞人，故引以為用。
供不應求,,,緊張,,,
兒時玩伴,,,玩伴,髮小,,
定時,,,定點,,,
忠心耿耿,,,鐵桿,,,
放心,,,放心,省心,,
盲點,,,誤區,,,
直立式,,,立式,,,
保固,,,保修,,,
查哨,,,查崗,,,
洩密,,,失密,洩密,,
紅白包,,,份子錢,,,
面對,,,直面,,,
弱點,,,軟肋,,,
缺陷,缺點,弱點,短板,,,
逆轉,,,逆轉,反超,,
高等級,,,高端,,,
唬弄,,,忽悠,,,
情勢明朗,,,無懸念,,,
累癱,,,趴窩,,,
脫線,,,抽風,,,
惡性循環,,,怪圈,,,
焦點,,,亮點,,,
等級,,,等級,檔次,,
結伴,,,扎堆,,,
結實,,,皮實,結實,,
黑箱作業,,,暗箱操作,,,
煩心,,,鬧心,煩心,,
煩亂,猶豫兩難,,糾結,,,
詭計,,,貓膩,,,
零組件,,,零部件,零配件,,
頒布,公布,出爐,出臺,,,
精神暴力,精神虐待,,冷暴力,軟暴力,,大陸所說的「冷暴力」或「軟暴力」是相較於肢體暴力的粗暴動作，強調其對精神心理上的恐嚇，被害人心理上感受不到人際互動本應帶來的溫暖感受。
障礙,,,障礙,溝溝坎砍,,
暴增,,,井噴,,,
潑冷水,,,吹冷風,潑冷水,,
膠膜,,,塑封,,,
錯不了,,,錯不了,沒跑兒,,
鎮定,,,淡定,,,
嚼勁,,,筋道,,,
懸疑,,,懸念,,,
出主意,,,支招,,,
護貝,,,過塑,,,
驚人,,,雷人,,,
鑽漏洞,,,鑽空子,,,
